{
  "version": 1,
  "author": "mohamed Faheem",
  "editor": "wokwi",
  "parts": [
    { "type": "wokwi-arduino-uno", "id": "uno", "top": 0, "left": 0, "attrs": {} },
    { "type": "wokwi-lcd1602", "id": "lcd1", "top": -226.97, "left": 16, "attrs": {} },
    { "type": "wokwi-potentiometer", "id": "pot1", "top": -193.3, "left": -144.2, "attrs": {} },
    {
      "type": "wokwi-resistor",
      "id": "r1",
      "top": -72.85,
      "left": 259.2,
      "attrs": { "value": "1000" }
    },
    { "type": "wokwi-hc-sr04", "id": "ultrasonic1", "top": -209.7, "left": 399.1, "attrs": {} },
    {
      "type": "wokwi-pushbutton",
      "id": "btn1",
      "top": 140.6,
      "left": 307.2,
      "attrs": { "color": "green" }
    },
    { "type": "wokwi-slide-switch", "id": "sw1", "top": 138.8, "left": 406.3, "attrs": {} },
    { "type": "wokwi-ks2e-m-dc5", "id": "relay1", "top": 52.5, "left": 589.7, "attrs": {} },
    { "type": "wokwi-led", "id": "led1", "top": -42, "left": 685.4, "attrs": { "color": "red" } },
    {
      "type": "wokwi-resistor",
      "id": "r2",
      "top": 13.55,
      "left": 739.2,
      "attrs": { "value": "1000" }
    }
  ],
  "connections": [
    [ "lcd1:VSS", "uno:GND.1", "black", [ "v57.6", "h67.2", "v28.8" ] ],
    [ "uno:5V", "lcd1:VDD", "red", [ "v29.3", "h-179.2", "v-268.8", "h28.8" ] ],
    [ "pot1:GND", "lcd1:VSS", "black", [ "v57.6", "h163.2", "v-9.6" ] ],
    [ "pot1:SIG", "lcd1:V0", "green", [ "v76.8", "h172.4", "v-9.6" ] ],
    [ "pot1:VCC", "lcd1:VDD", "red", [ "v67.2", "h152.8" ] ],
    [ "lcd1:RS", "uno:2", "green", [ "v48", "h153.9" ] ],
    [ "lcd1:RW", "lcd1:VSS", "black", [ "v28.8", "h-38.5" ] ],
    [ "lcd1:E", "uno:3", "orange", [ "v38.4", "h124.8" ] ],
    [ "lcd1:D4", "uno:4", "gold", [ "v67.2", "h76.8" ] ],
    [ "lcd1:D5", "uno:5", "blue", [ "v57.6", "h48.1" ] ],
    [ "lcd1:D6", "uno:6", "green", [ "v76.8", "h38.6" ] ],
    [ "lcd1:D7", "uno:7", "green", [ "v86.4", "h19.5" ] ],
    [ "lcd1:A", "r1:1", "green", [ "v0" ] ],
    [ "r1:2", "lcd1:VDD", "red", [ "v-9.6", "h-1.2" ] ],
    [ "lcd1:K", "lcd1:VSS", "green", [ "v9.6", "h-144" ] ],
    [ "ultrasonic1:VCC", "uno:5V", "red", [ "v336", "h-316.8" ] ],
    [ "ultrasonic1:TRIG", "uno:8", "purple", [ "v96", "h-307.6" ] ],
    [ "ultrasonic1:ECHO", "uno:9", "gray", [ "v57.6", "h-0.8", "v19.2", "h-336" ] ],
    [ "ultrasonic1:GND", "uno:GND.3", "black", [ "v326.4", "h-318" ] ],
    [ "btn1:2.l", "uno:GND.3", "black", [ "h-57.6", "v38.6", "h-115.2" ] ],
    [ "btn1:1.r", "uno:10", "white", [ "v-124.8", "h-268.6", "v-9.6" ] ],
    [ "sw1:1", "uno:11", "cyan", [ "v0", "h-19.2", "v-134.4", "h-249.6" ] ],
    [ "sw1:2", "uno:GND.3", "black", [ "v38.4", "h-239.9" ] ],
    [ "relay1:COIL1", "uno:GND.3", "black", [ "v126", "h-481.3" ] ],
    [ "relay1:COIL2", "uno:12", "violet", [ "v-86.4", "h-529.3", "v9.6" ] ],
    [ "uno:5V", "relay1:P1", "red", [ "v29.3", "h-6.4" ] ],
    [ "led1:A", "r2:1", "green", [ "v0" ] ],
    [ "led1:C", "relay1:COIL1", "black", [ "v115.2", "h-38" ] ],
    [ "r2:2", "relay1:NC1", "red", [ "v0", "h46.8", "v134.4", "h-230.4" ] ]
  ],
  "dependencies": {}
}